{"cameraMode":{"drawMode":0,"name":"Shaded","section":"Shading Mode"},"sceneLighting":false,"audioPlay":false,"sceneViewState":{"showFog":true,"showMaterialUpdate":false,"showSkybox":true,"showFlares":true,"showImageEffects":true,"showParticleSystems":true},"in2DMode":false,"pivot":{"x":13.473526000976563,"y":8.425562858581543,"z":-23.991573333740236},"rotation":{"x":0.15858763456344605,"y":0.3405694365501404,"z":-0.05839228630065918,"w":0.9249182939529419},"size":5.142350673675537,"orthographic":false}