{"cameraMode":{"drawMode":0,"name":"Shaded","section":"Shading Mode"},"sceneLighting":false,"audioPlay":false,"sceneViewState":{"showFog":true,"showMaterialUpdate":false,"showSkybox":true,"showFlares":true,"showImageEffects":true,"showParticleSystems":true},"in2DMode":false,"pivot":{"x":3.4677209854125978,"y":2.989474058151245,"z":0.8609411716461182},"rotation":{"x":-0.04592078551650047,"y":0.9250179529190064,"z":-0.3580434024333954,"w":-0.11858910322189331},"size":1.1199541091918946,"orthographic":false}