{"cameraMode":{"drawMode":0,"name":"Shaded","section":"Shading Mode"},"sceneLighting":false,"audioPlay":false,"sceneViewState":{"showFog":true,"showMaterialUpdate":false,"showSkybox":true,"showFlares":true,"showImageEffects":true,"showParticleSystems":true},"in2DMode":false,"pivot":{"x":1.7022740840911866,"y":1.7584326267242432,"z":-5.186778545379639},"rotation":{"x":-0.16681349277496339,"y":0.6630762219429016,"z":-0.155122309923172,"w":-0.7130525708198547},"size":6.053471088409424,"orthographic":false}