{"cameraMode":{"drawMode":0,"name":"Shaded","section":"Shading Mode"},"sceneLighting":false,"audioPlay":false,"sceneViewState":{"showFog":true,"showMaterialUpdate":false,"showSkybox":true,"showFlares":true,"showImageEffects":true,"showParticleSystems":true},"in2DMode":false,"pivot":{"x":5.964360237121582,"y":1.4565942287445069,"z":-7.162359714508057},"rotation":{"x":0.24760235846042634,"y":-0.3833780586719513,"z":0.10747271776199341,"w":0.8832728266716003},"size":2.422762155532837,"orthographic":false}