{"cameraMode":{"drawMode":0,"name":"Shaded","section":"Shading Mode"},"sceneLighting":false,"audioPlay":false,"sceneViewState":{"showFog":true,"showMaterialUpdate":false,"showSkybox":true,"showFlares":true,"showImageEffects":true,"showParticleSystems":true},"in2DMode":false,"pivot":{"x":1.4885807037353516,"y":13.560147285461426,"z":10.743597030639649},"rotation":{"x":0.14915232360363007,"y":-0.6691790819168091,"z":0.1397019624710083,"w":0.71445232629776},"size":13.521759986877442,"orthographic":false}