{"cameraMode":{"drawMode":0,"name":"Shaded","section":"Shading Mode"},"sceneLighting":false,"audioPlay":false,"sceneViewState":{"showFog":true,"showMaterialUpdate":false,"showSkybox":true,"showFlares":true,"showImageEffects":true,"showParticleSystems":true},"in2DMode":false,"pivot":{"x":1.7963976860046387,"y":2.1649999618530275,"z":-0.5678247213363648},"rotation":{"x":0.0871509239077568,"y":-0.9111226797103882,"z":0.2539367377758026,"w":0.3127005100250244},"size":1.1806626319885255,"orthographic":false}