{"cameraMode":{"drawMode":0,"name":"Shaded","section":"Shading Mode"},"sceneLighting":false,"audioPlay":false,"sceneViewState":{"showFog":true,"showMaterialUpdate":false,"showSkybox":true,"showFlares":true,"showImageEffects":true,"showParticleSystems":true},"in2DMode":false,"pivot":{"x":-0.4296083450317383,"y":4.820492267608643,"z":-7.516815185546875},"rotation":{"x":-0.11803728342056275,"y":0.8776987791061401,"z":-0.2790336608886719,"w":-0.3712911605834961},"size":5.246743202209473,"orthographic":false}